<?xml version='1.0'?>
<module>
<exporttime>2014-02-14 15:02:30</exporttime>
<name>Act</name>
<label>Act</label>
<parent>Sales</parent>
<version>1.6</version>
<dependencies>
<vtiger_version>6.0.0</vtiger_version>
<vtiger_max_version>6.*</vtiger_max_version>
</dependencies>
<tables>
<table>
<name>vtiger_sp_act</name>
<sql><![CDATA[CREATE TABLE `vtiger_sp_act` (
  `actid` int(19) NOT NULL DEFAULT '0',
  `salesorderid` int(19) DEFAULT NULL,
  `contactid` int(19) DEFAULT NULL,
  `actdate` date DEFAULT NULL,
  `adjustment` decimal(25,3) DEFAULT NULL,
  `subtotal` decimal(25,3) DEFAULT NULL,
  `total` decimal(25,3) DEFAULT NULL,
  `taxtype` varchar(25) DEFAULT NULL,
  `discount_percent` decimal(25,3) DEFAULT NULL,
  `discount_amount` decimal(25,3) DEFAULT NULL,
  `s_h_amount` decimal(25,3) DEFAULT NULL,
  `shipping` varchar(100) DEFAULT NULL,
  `accountid` int(19) DEFAULT NULL,
  `sp_actstatus` varchar(200) DEFAULT NULL,
  `act_no` varchar(100) DEFAULT NULL,
  `currency_id` int(19) NOT NULL DEFAULT '1',
  `conversion_rate` decimal(10,3) NOT NULL DEFAULT '1.000',
  PRIMARY KEY (`actid`)
) ENGINE=InnoDB DEFAULT CHARSET=utf8]]></sql>
</table>
<table>
<name>vtiger_sp_actcf</name>
<sql><![CDATA[CREATE TABLE `vtiger_sp_actcf` (
  `actid` int(19) NOT NULL DEFAULT '0',
  PRIMARY KEY (`actid`),
  CONSTRAINT `fk_1_vtiger_sp_actcf` FOREIGN KEY (`actid`) REFERENCES `vtiger_sp_act` (`actid`) ON DELETE CASCADE
) ENGINE=InnoDB DEFAULT CHARSET=utf8]]></sql>
</table>
<table>
<name>vtiger_sp_actbillads</name>
<sql><![CDATA[CREATE TABLE `vtiger_sp_actbillads` (
  `actbilladdressid` int(19) NOT NULL DEFAULT '0',
  `bill_city` varchar(30) DEFAULT NULL,
  `bill_code` varchar(30) DEFAULT NULL,
  `bill_country` varchar(30) DEFAULT NULL,
  `bill_state` varchar(30) DEFAULT NULL,
  `bill_street` varchar(250) DEFAULT NULL,
  `bill_pobox` varchar(30) DEFAULT NULL,
  PRIMARY KEY (`actbilladdressid`),
  CONSTRAINT `fk_1_vtiger_sp_actbillads` FOREIGN KEY (`actbilladdressid`) REFERENCES `vtiger_sp_act` (`actid`) ON DELETE CASCADE
) ENGINE=InnoDB DEFAULT CHARSET=utf8]]></sql>
</table>
<table>
<name>vtiger_sp_actshipads</name>
<sql><![CDATA[CREATE TABLE `vtiger_sp_actshipads` (
  `actshipaddressid` int(19) NOT NULL DEFAULT '0',
  `ship_city` varchar(30) DEFAULT NULL,
  `ship_code` varchar(30) DEFAULT NULL,
  `ship_country` varchar(30) DEFAULT NULL,
  `ship_state` varchar(30) DEFAULT NULL,
  `ship_street` varchar(250) DEFAULT NULL,
  `ship_pobox` varchar(30) DEFAULT NULL,
  PRIMARY KEY (`actshipaddressid`),
  CONSTRAINT `fk_1_vtiger_sp_actshipads` FOREIGN KEY (`actshipaddressid`) REFERENCES `vtiger_sp_act` (`actid`) ON DELETE CASCADE
) ENGINE=InnoDB DEFAULT CHARSET=utf8]]></sql>
</table>
<table>
<name>vtiger_sp_actstatushistory</name>
<sql><![CDATA[CREATE TABLE `vtiger_sp_actstatushistory` (
  `historyid` int(19) NOT NULL AUTO_INCREMENT,
  `actid` int(19) NOT NULL,
  `accountname` varchar(100) DEFAULT NULL,
  `total` decimal(10,0) DEFAULT NULL,
  `sp_actstatus` varchar(200) DEFAULT NULL,
  `lastmodified` datetime DEFAULT NULL,
  PRIMARY KEY (`historyid`),
  KEY `sp_actstatushistory_actid_idx` (`actid`),
  CONSTRAINT `fk_1_vtiger_sp_actstatushistory` FOREIGN KEY (`actid`) REFERENCES `vtiger_sp_act` (`actid`) ON DELETE CASCADE
) ENGINE=InnoDB DEFAULT CHARSET=utf8]]></sql>
</table>
</tables>
<blocks>
<block>
<label>LBL_ACT_INFORMATION</label>
<fields>
<field>
<fieldname>act_no</fieldname>
<uitype>4</uitype>
<columnname>act_no</columnname>
<tablename>vtiger_sp_act</tablename>
<generatedtype>1</generatedtype>
<fieldlabel>Act No</fieldlabel>
<readonly>1</readonly>
<presence>0</presence>
<defaultvalue></defaultvalue>
<sequence>1</sequence>
<maximumlength>100</maximumlength>
<typeofdata>V~O</typeofdata>
<quickcreate>3</quickcreate>
<quickcreatesequence>0</quickcreatesequence>
<displaytype>1</displaytype>
<info_type>BAS</info_type>
<helpinfo><![CDATA[]]></helpinfo>
<masseditable>0</masseditable>
<entityidentifier>
<entityidfield>actid</entityidfield>
<entityidcolumn>actid</entityidcolumn>
</entityidentifier>
</field>
<field>
<fieldname>salesorder_id</fieldname>
<uitype>80</uitype>
<columnname>salesorderid</columnname>
<tablename>vtiger_sp_act</tablename>
<generatedtype>1</generatedtype>
<fieldlabel>Sales Order</fieldlabel>
<readonly>1</readonly>
<presence>2</presence>
<defaultvalue></defaultvalue>
<sequence>2</sequence>
<maximumlength>100</maximumlength>
<typeofdata>I~O</typeofdata>
<quickcreate>3</quickcreate>
<quickcreatesequence>0</quickcreatesequence>
<displaytype>1</displaytype>
<info_type>BAS</info_type>
<helpinfo><![CDATA[]]></helpinfo>
<masseditable>0</masseditable>
</field>
<field>
<fieldname>actdate</fieldname>
<uitype>5</uitype>
<columnname>actdate</columnname>
<tablename>vtiger_sp_act</tablename>
<generatedtype>1</generatedtype>
<fieldlabel>Act Date</fieldlabel>
<readonly>1</readonly>
<presence>2</presence>
<defaultvalue></defaultvalue>
<sequence>3</sequence>
<maximumlength>100</maximumlength>
<typeofdata>D~O</typeofdata>
<quickcreate>3</quickcreate>
<quickcreatesequence>0</quickcreatesequence>
<displaytype>1</displaytype>
<info_type>BAS</info_type>
<helpinfo><![CDATA[]]></helpinfo>
<masseditable>0</masseditable>
</field>
<field>
<fieldname>assigned_user_id</fieldname>
<uitype>53</uitype>
<columnname>smownerid</columnname>
<tablename>vtiger_crmentity</tablename>
<generatedtype>1</generatedtype>
<fieldlabel>Assigned To</fieldlabel>
<readonly>1</readonly>
<presence>0</presence>
<defaultvalue></defaultvalue>
<sequence>4</sequence>
<maximumlength>100</maximumlength>
<typeofdata>V~M</typeofdata>
<quickcreate>1</quickcreate>
<quickcreatesequence></quickcreatesequence>
<displaytype>1</displaytype>
<info_type>BAS</info_type>
<helpinfo><![CDATA[]]></helpinfo>
<masseditable>1</masseditable>
</field>
<field>
<fieldname>account_id</fieldname>
<uitype>10</uitype>
<columnname>accountid</columnname>
<tablename>vtiger_sp_act</tablename>
<generatedtype>1</generatedtype>
<fieldlabel>Account Name</fieldlabel>
<readonly>1</readonly>
<presence>2</presence>
<defaultvalue></defaultvalue>
<sequence>5</sequence>
<maximumlength>100</maximumlength>
<typeofdata>I~M</typeofdata>
<quickcreate>3</quickcreate>
<quickcreatesequence>0</quickcreatesequence>
<displaytype>1</displaytype>
<info_type>BAS</info_type>
<helpinfo><![CDATA[]]></helpinfo>
<masseditable>0</masseditable>
<relatedmodules>
<relatedmodule>Accounts</relatedmodule>
</relatedmodules>
</field>
<field>
<fieldname>createdtime</fieldname>
<uitype>70</uitype>
<columnname>createdtime</columnname>
<tablename>vtiger_crmentity</tablename>
<generatedtype>1</generatedtype>
<fieldlabel>Created Time</fieldlabel>
<readonly>1</readonly>
<presence>0</presence>
<defaultvalue></defaultvalue>
<sequence>6</sequence>
<maximumlength>100</maximumlength>
<typeofdata>T~O</typeofdata>
<quickcreate>3</quickcreate>
<quickcreatesequence>0</quickcreatesequence>
<displaytype>2</displaytype>
<info_type>BAS</info_type>
<helpinfo><![CDATA[]]></helpinfo>
<masseditable>0</masseditable>
</field>
<field>
<fieldname>contact_id</fieldname>
<uitype>57</uitype>
<columnname>contactid</columnname>
<tablename>vtiger_sp_act</tablename>
<generatedtype>1</generatedtype>
<fieldlabel>Contact Name</fieldlabel>
<readonly>1</readonly>
<presence>2</presence>
<defaultvalue></defaultvalue>
<sequence>7</sequence>
<maximumlength>100</maximumlength>
<typeofdata>I~O</typeofdata>
<quickcreate>3</quickcreate>
<quickcreatesequence>0</quickcreatesequence>
<displaytype>1</displaytype>
<info_type>BAS</info_type>
<helpinfo><![CDATA[]]></helpinfo>
<masseditable>0</masseditable>
</field>
<field>
<fieldname>modifiedtime</fieldname>
<uitype>70</uitype>
<columnname>modifiedtime</columnname>
<tablename>vtiger_crmentity</tablename>
<generatedtype>1</generatedtype>
<fieldlabel>Modified Time</fieldlabel>
<readonly>1</readonly>
<presence>0</presence>
<defaultvalue></defaultvalue>
<sequence>8</sequence>
<maximumlength>100</maximumlength>
<typeofdata>T~O</typeofdata>
<quickcreate>3</quickcreate>
<quickcreatesequence>0</quickcreatesequence>
<displaytype>2</displaytype>
<info_type>BAS</info_type>
<helpinfo><![CDATA[]]></helpinfo>
<masseditable>0</masseditable>
</field>
<field>
<fieldname>sp_actstatus</fieldname>
<uitype>15</uitype>
<columnname>sp_actstatus</columnname>
<tablename>vtiger_sp_act</tablename>
<generatedtype>1</generatedtype>
<fieldlabel>Status</fieldlabel>
<readonly>1</readonly>
<presence>2</presence>
<defaultvalue></defaultvalue>
<sequence>9</sequence>
<maximumlength>100</maximumlength>
<typeofdata>V~O</typeofdata>
<quickcreate>1</quickcreate>
<quickcreatesequence></quickcreatesequence>
<displaytype>1</displaytype>
<info_type>BAS</info_type>
<helpinfo><![CDATA[]]></helpinfo>
<masseditable>1</masseditable>
<picklistvalues>
<picklistvalue>Created</picklistvalue>
<picklistvalue>Sent</picklistvalue>
<picklistvalue>Done</picklistvalue>
<picklistvalue>Received</picklistvalue>
</picklistvalues>
</field>
<field>
<fieldname>txtAdjustment</fieldname>
<uitype>72</uitype>
<columnname>adjustment</columnname>
<tablename>vtiger_sp_act</tablename>
<generatedtype>1</generatedtype>
<fieldlabel>Adjustment</fieldlabel>
<readonly>1</readonly>
<presence>2</presence>
<defaultvalue></defaultvalue>
<sequence>11</sequence>
<maximumlength>100</maximumlength>
<typeofdata>NN~O</typeofdata>
<quickcreate>3</quickcreate>
<quickcreatesequence>0</quickcreatesequence>
<displaytype>3</displaytype>
<info_type>BAS</info_type>
<helpinfo><![CDATA[]]></helpinfo>
<masseditable>0</masseditable>
</field>
<field>
<fieldname>hdnSubTotal</fieldname>
<uitype>72</uitype>
<columnname>subtotal</columnname>
<tablename>vtiger_sp_act</tablename>
<generatedtype>1</generatedtype>
<fieldlabel>Sub Total</fieldlabel>
<readonly>1</readonly>
<presence>2</presence>
<defaultvalue></defaultvalue>
<sequence>12</sequence>
<maximumlength>100</maximumlength>
<typeofdata>N~O</typeofdata>
<quickcreate>3</quickcreate>
<quickcreatesequence>0</quickcreatesequence>
<displaytype>3</displaytype>
<info_type>BAS</info_type>
<helpinfo><![CDATA[]]></helpinfo>
<masseditable>0</masseditable>
</field>
<field>
<fieldname>hdnGrandTotal</fieldname>
<uitype>72</uitype>
<columnname>total</columnname>
<tablename>vtiger_sp_act</tablename>
<generatedtype>1</generatedtype>
<fieldlabel>Total</fieldlabel>
<readonly>1</readonly>
<presence>2</presence>
<defaultvalue></defaultvalue>
<sequence>13</sequence>
<maximumlength>100</maximumlength>
<typeofdata>N~O</typeofdata>
<quickcreate>3</quickcreate>
<quickcreatesequence>0</quickcreatesequence>
<displaytype>3</displaytype>
<info_type>BAS</info_type>
<helpinfo><![CDATA[]]></helpinfo>
<masseditable>0</masseditable>
</field>
<field>
<fieldname>hdnTaxType</fieldname>
<uitype>16</uitype>
<columnname>taxtype</columnname>
<tablename>vtiger_sp_act</tablename>
<generatedtype>1</generatedtype>
<fieldlabel>Tax Type</fieldlabel>
<readonly>1</readonly>
<presence>2</presence>
<defaultvalue></defaultvalue>
<sequence>14</sequence>
<maximumlength>100</maximumlength>
<typeofdata>V~O</typeofdata>
<quickcreate>3</quickcreate>
<quickcreatesequence>0</quickcreatesequence>
<displaytype>3</displaytype>
<info_type>BAS</info_type>
<helpinfo><![CDATA[]]></helpinfo>
<masseditable>0</masseditable>
<picklistvalues>
</picklistvalues>
</field>
<field>
<fieldname>hdnDiscountPercent</fieldname>
<uitype>72</uitype>
<columnname>discount_percent</columnname>
<tablename>vtiger_sp_act</tablename>
<generatedtype>1</generatedtype>
<fieldlabel>Discount Percent</fieldlabel>
<readonly>1</readonly>
<presence>2</presence>
<defaultvalue></defaultvalue>
<sequence>15</sequence>
<maximumlength>100</maximumlength>
<typeofdata>N~O</typeofdata>
<quickcreate>3</quickcreate>
<quickcreatesequence>0</quickcreatesequence>
<displaytype>3</displaytype>
<info_type>BAS</info_type>
<helpinfo><![CDATA[]]></helpinfo>
<masseditable>0</masseditable>
</field>
<field>
<fieldname>hdnDiscountAmount</fieldname>
<uitype>72</uitype>
<columnname>discount_amount</columnname>
<tablename>vtiger_sp_act</tablename>
<generatedtype>1</generatedtype>
<fieldlabel>Discount Amount</fieldlabel>
<readonly>1</readonly>
<presence>2</presence>
<defaultvalue></defaultvalue>
<sequence>16</sequence>
<maximumlength>100</maximumlength>
<typeofdata>N~O</typeofdata>
<quickcreate>3</quickcreate>
<quickcreatesequence>0</quickcreatesequence>
<displaytype>3</displaytype>
<info_type>BAS</info_type>
<helpinfo><![CDATA[]]></helpinfo>
<masseditable>0</masseditable>
</field>
<field>
<fieldname>hdnS_H_Amount</fieldname>
<uitype>72</uitype>
<columnname>s_h_amount</columnname>
<tablename>vtiger_sp_act</tablename>
<generatedtype>1</generatedtype>
<fieldlabel>S&amp;H Amount</fieldlabel>
<readonly>1</readonly>
<presence>2</presence>
<defaultvalue></defaultvalue>
<sequence>17</sequence>
<maximumlength>100</maximumlength>
<typeofdata>N~O</typeofdata>
<quickcreate>3</quickcreate>
<quickcreatesequence>0</quickcreatesequence>
<displaytype>3</displaytype>
<info_type>BAS</info_type>
<helpinfo><![CDATA[]]></helpinfo>
<masseditable>0</masseditable>
</field>
<field>
<fieldname>currency_id</fieldname>
<uitype>117</uitype>
<columnname>currency_id</columnname>
<tablename>vtiger_sp_act</tablename>
<generatedtype>1</generatedtype>
<fieldlabel>Currency</fieldlabel>
<readonly>1</readonly>
<presence>2</presence>
<defaultvalue>1</defaultvalue>
<sequence>18</sequence>
<maximumlength>100</maximumlength>
<typeofdata>I~O</typeofdata>
<quickcreate>3</quickcreate>
<quickcreatesequence>0</quickcreatesequence>
<displaytype>3</displaytype>
<info_type>BAS</info_type>
<helpinfo><![CDATA[]]></helpinfo>
<masseditable>0</masseditable>
</field>
<field>
<fieldname>conversion_rate</fieldname>
<uitype>1</uitype>
<columnname>conversion_rate</columnname>
<tablename>vtiger_sp_act</tablename>
<generatedtype>1</generatedtype>
<fieldlabel>Conversion Rate</fieldlabel>
<readonly>1</readonly>
<presence>2</presence>
<defaultvalue>1</defaultvalue>
<sequence>19</sequence>
<maximumlength>100</maximumlength>
<typeofdata>N~O</typeofdata>
<quickcreate>3</quickcreate>
<quickcreatesequence>0</quickcreatesequence>
<displaytype>3</displaytype>
<info_type>BAS</info_type>
<helpinfo><![CDATA[]]></helpinfo>
<masseditable>0</masseditable>
</field>
<field>
<fieldname>modifiedby</fieldname>
<uitype>52</uitype>
<columnname>modifiedby</columnname>
<tablename>vtiger_crmentity</tablename>
<generatedtype>1</generatedtype>
<fieldlabel>Last Modified By</fieldlabel>
<readonly>1</readonly>
<presence>0</presence>
<defaultvalue></defaultvalue>
<sequence>20</sequence>
<maximumlength>100</maximumlength>
<typeofdata>V~O</typeofdata>
<quickcreate>3</quickcreate>
<quickcreatesequence>0</quickcreatesequence>
<displaytype>3</displaytype>
<info_type>BAS</info_type>
<helpinfo><![CDATA[]]></helpinfo>
<masseditable>0</masseditable>
</field>
</fields>
</block>
<block>
<label>LBL_ADDRESS_INFORMATION</label>
<fields>
<field>
<fieldname>bill_street</fieldname>
<uitype>24</uitype>
<columnname>bill_street</columnname>
<tablename>vtiger_sp_actbillads</tablename>
<generatedtype>1</generatedtype>
<fieldlabel>Billing Address</fieldlabel>
<readonly>1</readonly>
<presence>2</presence>
<defaultvalue></defaultvalue>
<sequence>1</sequence>
<maximumlength>100</maximumlength>
<typeofdata>V~O</typeofdata>
<quickcreate>3</quickcreate>
<quickcreatesequence>0</quickcreatesequence>
<displaytype>1</displaytype>
<info_type>BAS</info_type>
<helpinfo><![CDATA[]]></helpinfo>
<masseditable>0</masseditable>
</field>
<field>
<fieldname>ship_street</fieldname>
<uitype>24</uitype>
<columnname>ship_street</columnname>
<tablename>vtiger_sp_actshipads</tablename>
<generatedtype>1</generatedtype>
<fieldlabel>Shipping Address</fieldlabel>
<readonly>1</readonly>
<presence>2</presence>
<defaultvalue></defaultvalue>
<sequence>2</sequence>
<maximumlength>100</maximumlength>
<typeofdata>V~O</typeofdata>
<quickcreate>3</quickcreate>
<quickcreatesequence>0</quickcreatesequence>
<displaytype>1</displaytype>
<info_type>BAS</info_type>
<helpinfo><![CDATA[]]></helpinfo>
<masseditable>0</masseditable>
</field>
<field>
<fieldname>bill_pobox</fieldname>
<uitype>1</uitype>
<columnname>bill_pobox</columnname>
<tablename>vtiger_sp_actbillads</tablename>
<generatedtype>1</generatedtype>
<fieldlabel>Billing Po Box</fieldlabel>
<readonly>1</readonly>
<presence>2</presence>
<defaultvalue></defaultvalue>
<sequence>3</sequence>
<maximumlength>100</maximumlength>
<typeofdata>V~O</typeofdata>
<quickcreate>3</quickcreate>
<quickcreatesequence>0</quickcreatesequence>
<displaytype>1</displaytype>
<info_type>BAS</info_type>
<helpinfo><![CDATA[]]></helpinfo>
<masseditable>0</masseditable>
</field>
<field>
<fieldname>ship_pobox</fieldname>
<uitype>1</uitype>
<columnname>ship_pobox</columnname>
<tablename>vtiger_sp_actshipads</tablename>
<generatedtype>1</generatedtype>
<fieldlabel>Shipping Po Box</fieldlabel>
<readonly>1</readonly>
<presence>2</presence>
<defaultvalue></defaultvalue>
<sequence>4</sequence>
<maximumlength>100</maximumlength>
<typeofdata>V~O</typeofdata>
<quickcreate>3</quickcreate>
<quickcreatesequence>0</quickcreatesequence>
<displaytype>1</displaytype>
<info_type>BAS</info_type>
<helpinfo><![CDATA[]]></helpinfo>
<masseditable>0</masseditable>
</field>
<field>
<fieldname>bill_city</fieldname>
<uitype>1</uitype>
<columnname>bill_city</columnname>
<tablename>vtiger_sp_actbillads</tablename>
<generatedtype>1</generatedtype>
<fieldlabel>Billing City</fieldlabel>
<readonly>1</readonly>
<presence>2</presence>
<defaultvalue></defaultvalue>
<sequence>5</sequence>
<maximumlength>100</maximumlength>
<typeofdata>V~O</typeofdata>
<quickcreate>3</quickcreate>
<quickcreatesequence>0</quickcreatesequence>
<displaytype>1</displaytype>
<info_type>BAS</info_type>
<helpinfo><![CDATA[]]></helpinfo>
<masseditable>0</masseditable>
</field>
<field>
<fieldname>ship_city</fieldname>
<uitype>1</uitype>
<columnname>ship_city</columnname>
<tablename>vtiger_sp_actshipads</tablename>
<generatedtype>1</generatedtype>
<fieldlabel>Shipping City</fieldlabel>
<readonly>1</readonly>
<presence>2</presence>
<defaultvalue></defaultvalue>
<sequence>6</sequence>
<maximumlength>100</maximumlength>
<typeofdata>V~O</typeofdata>
<quickcreate>3</quickcreate>
<quickcreatesequence>0</quickcreatesequence>
<displaytype>1</displaytype>
<info_type>BAS</info_type>
<helpinfo><![CDATA[]]></helpinfo>
<masseditable>0</masseditable>
</field>
<field>
<fieldname>bill_state</fieldname>
<uitype>1</uitype>
<columnname>bill_state</columnname>
<tablename>vtiger_sp_actbillads</tablename>
<generatedtype>1</generatedtype>
<fieldlabel>Billing State</fieldlabel>
<readonly>1</readonly>
<presence>2</presence>
<defaultvalue></defaultvalue>
<sequence>7</sequence>
<maximumlength>100</maximumlength>
<typeofdata>V~O</typeofdata>
<quickcreate>3</quickcreate>
<quickcreatesequence>0</quickcreatesequence>
<displaytype>1</displaytype>
<info_type>BAS</info_type>
<helpinfo><![CDATA[]]></helpinfo>
<masseditable>0</masseditable>
</field>
<field>
<fieldname>ship_state</fieldname>
<uitype>1</uitype>
<columnname>ship_state</columnname>
<tablename>vtiger_sp_actshipads</tablename>
<generatedtype>1</generatedtype>
<fieldlabel>Shipping State</fieldlabel>
<readonly>1</readonly>
<presence>2</presence>
<defaultvalue></defaultvalue>
<sequence>8</sequence>
<maximumlength>100</maximumlength>
<typeofdata>V~O</typeofdata>
<quickcreate>3</quickcreate>
<quickcreatesequence>0</quickcreatesequence>
<displaytype>1</displaytype>
<info_type>BAS</info_type>
<helpinfo><![CDATA[]]></helpinfo>
<masseditable>0</masseditable>
</field>
<field>
<fieldname>bill_code</fieldname>
<uitype>1</uitype>
<columnname>bill_code</columnname>
<tablename>vtiger_sp_actbillads</tablename>
<generatedtype>1</generatedtype>
<fieldlabel>Billing Code</fieldlabel>
<readonly>1</readonly>
<presence>2</presence>
<defaultvalue></defaultvalue>
<sequence>9</sequence>
<maximumlength>100</maximumlength>
<typeofdata>V~O</typeofdata>
<quickcreate>3</quickcreate>
<quickcreatesequence>0</quickcreatesequence>
<displaytype>1</displaytype>
<info_type>BAS</info_type>
<helpinfo><![CDATA[]]></helpinfo>
<masseditable>0</masseditable>
</field>
<field>
<fieldname>ship_code</fieldname>
<uitype>1</uitype>
<columnname>ship_code</columnname>
<tablename>vtiger_sp_actshipads</tablename>
<generatedtype>1</generatedtype>
<fieldlabel>Shipping Code</fieldlabel>
<readonly>1</readonly>
<presence>2</presence>
<defaultvalue></defaultvalue>
<sequence>10</sequence>
<maximumlength>100</maximumlength>
<typeofdata>V~O</typeofdata>
<quickcreate>3</quickcreate>
<quickcreatesequence>0</quickcreatesequence>
<displaytype>1</displaytype>
<info_type>BAS</info_type>
<helpinfo><![CDATA[]]></helpinfo>
<masseditable>0</masseditable>
</field>
<field>
<fieldname>bill_country</fieldname>
<uitype>1</uitype>
<columnname>bill_country</columnname>
<tablename>vtiger_sp_actbillads</tablename>
<generatedtype>1</generatedtype>
<fieldlabel>Billing Country</fieldlabel>
<readonly>1</readonly>
<presence>2</presence>
<defaultvalue></defaultvalue>
<sequence>11</sequence>
<maximumlength>100</maximumlength>
<typeofdata>V~O</typeofdata>
<quickcreate>3</quickcreate>
<quickcreatesequence>0</quickcreatesequence>
<displaytype>1</displaytype>
<info_type>BAS</info_type>
<helpinfo><![CDATA[]]></helpinfo>
<masseditable>0</masseditable>
</field>
<field>
<fieldname>ship_country</fieldname>
<uitype>1</uitype>
<columnname>ship_country</columnname>
<tablename>vtiger_sp_actshipads</tablename>
<generatedtype>1</generatedtype>
<fieldlabel>Shipping Country</fieldlabel>
<readonly>1</readonly>
<presence>2</presence>
<defaultvalue></defaultvalue>
<sequence>12</sequence>
<maximumlength>100</maximumlength>
<typeofdata>V~O</typeofdata>
<quickcreate>3</quickcreate>
<quickcreatesequence>0</quickcreatesequence>
<displaytype>1</displaytype>
<info_type>BAS</info_type>
<helpinfo><![CDATA[]]></helpinfo>
<masseditable>0</masseditable>
</field>
</fields>
</block>
<block>
<label>LBL_RELATED_PRODUCTS</label>
</block>
<block>
<label>LBL_DESCRIPTION_INFORMATION</label>
<fields>
<field>
<fieldname>description</fieldname>
<uitype>19</uitype>
<columnname>description</columnname>
<tablename>vtiger_crmentity</tablename>
<generatedtype>1</generatedtype>
<fieldlabel>Description</fieldlabel>
<readonly>1</readonly>
<presence>2</presence>
<defaultvalue></defaultvalue>
<sequence>1</sequence>
<maximumlength>100</maximumlength>
<typeofdata>V~O</typeofdata>
<quickcreate>3</quickcreate>
<quickcreatesequence>0</quickcreatesequence>
<displaytype>1</displaytype>
<info_type>ADV</info_type>
<helpinfo><![CDATA[]]></helpinfo>
<masseditable>0</masseditable>
</field>
</fields>
</block>
<block>
<label>LBL_RELATED_PRODUCTS</label>
</block>
</blocks>
<customviews>
<customview>
<viewname>All</viewname>
<setdefault>true</setdefault>
<setmetrics>false</setmetrics>
<fields>
<field>
<fieldname>act_no</fieldname>
<columnindex>0</columnindex>
</field>
<field>
<fieldname>account_id</fieldname>
<columnindex>1</columnindex>
</field>
<field>
<fieldname>sp_actstatus</fieldname>
<columnindex>2</columnindex>
</field>
<field>
<fieldname>hdnGrandTotal</fieldname>
<columnindex>3</columnindex>
</field>
<field>
<fieldname>assigned_user_id</fieldname>
<columnindex>4</columnindex>
</field>
</fields>
</customview>
</customviews>
<sharingaccess>
<default>public_readwritedelete</default>
</sharingaccess>
<actions>
<action>
<name><![CDATA[Import]]></name>
<status>enabled</status>
</action>
<action>
<name><![CDATA[Export]]></name>
<status>enabled</status>
</action>
<action>
<name><![CDATA[DuplicatesHandling]]></name>
<status>enabled</status>
</action>
</actions>
<relatedlists>
<relatedlist>
<function>get_dependents_list</function>
<label>Invoice</label>
<sequence>1</sequence>
<presence>0</presence>
<actions>
<action>ADD</action>
</actions>
<relatedmodule>Invoice</relatedmodule>
</relatedlist>
<relatedlist>
<function>get_activities</function>
<label>Activities</label>
<sequence>2</sequence>
<presence>0</presence>
<actions>
<action>ADD</action>
</actions>
<relatedmodule>Calendar</relatedmodule>
</relatedlist>
<relatedlist>
<function>get_attachments</function>
<label>Documents</label>
<sequence>3</sequence>
<presence>0</presence>
<actions>
<action>ADD</action>
<action>SELECT</action>
</actions>
<relatedmodule>Documents</relatedmodule>
</relatedlist>
<relatedlist>
<function>get_history</function>
<label>Activity History</label>
<sequence>4</sequence>
<presence>0</presence>
<actions>
<action>ADD</action>
</actions>
<relatedmodule>Calendar</relatedmodule>
</relatedlist>
</relatedlists>
<crons>
</crons>
</module>
