<?xml version='1.0'?>
<schema>
	<tables>
		<table>
			<name>vtiger_servicecontracts</name>
			<sql><![CDATA[CREATE TABLE `vtiger_servicecontracts` (
  `servicecontractsid` int(11) default NULL,
  `start_date` date default NULL,
  `end_date` date default NULL,
  `sc_related_to` int(11) default NULL,
  `tracking_unit` varchar(100) default NULL,
  `total_units` decimal(5,2) default NULL,
  `used_units` decimal(5,2) default NULL,
  `subject` varchar(100) default NULL,
  `due_date` date default NULL,
  `planned_duration` varchar(256) default NULL,
  `actual_duration` varchar(256) default NULL,
  `contract_status` varchar(200) default NULL,
  `priority` varchar(200) default NULL,
  `contract_type` varchar(200) default NULL,
  `progress` decimal(5,2) default NULL,
  `contract_no` varchar(100) default NULL
) ENGINE=InnoDB DEFAULT CHARSET=utf8]]></sql>
		</table>
		<table>
			<name>vtiger_servicecontractscf</name>
			<sql><![CDATA[CREATE TABLE `vtiger_servicecontractscf` (
  `servicecontractsid` int(11) NOT NULL,
  PRIMARY KEY  (`servicecontractsid`)
) ENGINE=InnoDB DEFAULT CHARSET=utf8]]></sql>
		</table>
	</tables>
</schema>
