<?xml version='1.0'?>
<module>
    <exporttime>2014-03-09 20:01:49</exporttime>
    <name>SPSocialConnector</name>
    <label>SPSocialConnector</label>
    <parent>Tools</parent>
    <version>1.1</version>
    <dependencies>
        <vtiger_version>6.0.0</vtiger_version>
        <vtiger_max_version>6.*</vtiger_max_version>
    </dependencies>
    <tables>
        <table>
            <name>vtiger_sp_socialconnector</name>
            <sql><![CDATA[CREATE TABLE `vtiger_sp_socialconnector` (
  `socialconnectorid` int(11) DEFAULT '0',
  `message` text,
  `type` varchar(255) DEFAULT NULL,
  `fb_status` varchar(255) DEFAULT NULL,
  `vk_status` varchar(255) DEFAULT NULL,
  `tw_status` varchar(255) DEFAULT NULL,
  `vk_message_id` varchar(255) DEFAULT NULL,
  `tw_message_id` varchar(255) DEFAULT NULL,
  `message_datetime` datetime NOT NULL
) ENGINE=InnoDB DEFAULT CHARSET=utf8]]></sql>
        </table>
        <table>
            <name>vtiger_sp_socialconnectorcf</name>
            <sql><![CDATA[CREATE TABLE `vtiger_sp_socialconnectorcf` (
  `socialconnectorid` int(11) NOT NULL,
  PRIMARY KEY (`socialconnectorid`)
) ENGINE=InnoDB DEFAULT CHARSET=utf8]]></sql>
        </table>
        <table>
            <name>vtiger_sp_socialconnector_providers</name>
            <sql><![CDATA[CREATE TABLE `vtiger_sp_socialconnector_providers` (
  `id` int(11) NOT NULL,
  `provider_name` varchar(45) NOT NULL,
  `provider_domen` varchar(45) DEFAULT NULL,
  PRIMARY KEY (`id`)
) ENGINE=InnoDB DEFAULT CHARSET=utf8]]></sql>
        </table>
        <table>
            <name>vtiger_sp_socialconnector_settings</name>
            <sql><![CDATA[CREATE TABLE `vtiger_sp_socialconnector_settings` (
    `key` varchar(255) DEFAULT NULL,
    `value` varchar(255) DEFAULT NULL
    ) ENGINE=InnoDB DEFAULT CHARSET=utf8]]></sql>
        </table>
    </tables>
    <blocks>
        <block>
            <label>LBL_SPSOCIALCONNECTOR_INFORMATION</label>
            <fields>
                <field>
                    <fieldname>message</fieldname>
                    <uitype>21</uitype>
                    <columnname>message</columnname>
                    <tablename>vtiger_sp_socialconnector</tablename>
                    <generatedtype>1</generatedtype>
                    <fieldlabel>message</fieldlabel>
                    <readonly>1</readonly>
                    <presence>0</presence>
                    <defaultvalue></defaultvalue>
                    <sequence>1</sequence>
                    <maximumlength>100</maximumlength>
                    <typeofdata>V~M</typeofdata>
                    <quickcreate>1</quickcreate>
                    <quickcreatesequence></quickcreatesequence>
                    <displaytype>1</displaytype>
                    <info_type>BAS</info_type>
                    <helpinfo><![CDATA[]]></helpinfo>
                    <masseditable>1</masseditable>
                    <entityidentifier>
                        <entityidfield>socialconnectorid</entityidfield>
                        <entityidcolumn>socialconnectorid</entityidcolumn>
                    </entityidentifier>
                </field>
                <field>
                    <fieldname>assigned_user_id</fieldname>
                    <uitype>53</uitype>
                    <columnname>smownerid</columnname>
                    <tablename>vtiger_crmentity</tablename>
                    <generatedtype>1</generatedtype>
                    <fieldlabel>Assigned To</fieldlabel>
                    <readonly>1</readonly>
                    <presence>0</presence>
                    <defaultvalue></defaultvalue>
                    <sequence>2</sequence>
                    <maximumlength>100</maximumlength>
                    <typeofdata>V~M</typeofdata>
                    <quickcreate>1</quickcreate>
                    <quickcreatesequence></quickcreatesequence>
                    <displaytype>1</displaytype>
                    <info_type>BAS</info_type>
                    <helpinfo><![CDATA[]]></helpinfo>
                    <masseditable>1</masseditable>
                </field>
                <field>
                    <fieldname>message_datetime</fieldname>
                    <uitype>70</uitype>
                    <columnname>message_datetime</columnname>
                    <columntype>datetime</columntype>
                    <tablename>vtiger_sp_socialconnector</tablename>
                    <generatedtype>1</generatedtype>
                    <fieldlabel>Date Time</fieldlabel>
                    <readonly>1</readonly>
                    <presence>2</presence>
                    <defaultvalue></defaultvalue>
                    <sequence>5</sequence>
                    <maximumlength>100</maximumlength>
                    <typeofdata>DT~O</typeofdata>
                    <quickcreate>1</quickcreate>
                    <quickcreatesequence></quickcreatesequence>
                    <displaytype>1</displaytype>
                    <info_type>BAS</info_type>
                    <helpinfo><![CDATA[]]></helpinfo>
                    <masseditable>0</masseditable>
                </field>
                <field>
                    <fieldname>type</fieldname>
                    <uitype>15</uitype>
                    <columnname>type</columnname>
                    <tablename>vtiger_sp_socialconnector</tablename>
                    <generatedtype>1</generatedtype>
                    <fieldlabel>Type</fieldlabel>
                    <readonly>0</readonly>
                    <presence>0</presence>
                    <defaultvalue></defaultvalue>
                    <sequence>1</sequence>
                    <maximumlength>100</maximumlength>
                    <typeofdata>V~O</typeofdata>
                    <quickcreate>1</quickcreate>
                    <quickcreatesequence></quickcreatesequence>
                    <displaytype>1</displaytype>
                    <info_type>BAS</info_type>
                    <helpinfo><![CDATA[]]></helpinfo>
                    <masseditable>1</masseditable>
                    <picklistvalues>
                        <picklistvalue><![CDATA[Исходящее]]></picklistvalue>
                        <picklistvalue><![CDATA[Входящее]]></picklistvalue>
                    </picklistvalues>
                </field>
                <field>
                    <fieldname>fb_status</fieldname>
                    <uitype>15</uitype>
                    <columnname>fb_status</columnname>
                    <tablename>vtiger_sp_socialconnector</tablename>
                    <generatedtype>1</generatedtype>
                    <fieldlabel>Facebook</fieldlabel>
                    <readonly>0</readonly>
                    <presence>0</presence>
                    <defaultvalue></defaultvalue>
                    <sequence>6</sequence>
                    <maximumlength>100</maximumlength>
                    <typeofdata>V~O</typeofdata>
                    <quickcreate>1</quickcreate>
                    <quickcreatesequence></quickcreatesequence>
                    <displaytype>1</displaytype>
                    <info_type>BAS</info_type>
                    <helpinfo><![CDATA[]]></helpinfo>
                    <masseditable>1</masseditable>
                    <picklistvalues>
                        <picklistvalue><![CDATA[Sent]]></picklistvalue>
                        <picklistvalue><![CDATA[Not sent]]></picklistvalue>
                        <picklistvalue><![CDATA[Received]]></picklistvalue>
                    </picklistvalues>
                </field>
                <field>
                    <fieldname>vk_status</fieldname>
                    <uitype>15</uitype>
                    <columnname>vk_status</columnname>
                    <tablename>vtiger_sp_socialconnector</tablename>
                    <generatedtype>1</generatedtype>
                    <fieldlabel>Vkontakte</fieldlabel>
                    <readonly>0</readonly>
                    <presence>0</presence>
                    <defaultvalue></defaultvalue>
                    <sequence>7</sequence>
                    <maximumlength>100</maximumlength>
                    <typeofdata>V~O</typeofdata>
                    <quickcreate>1</quickcreate>
                    <quickcreatesequence></quickcreatesequence>
                    <displaytype>1</displaytype>
                    <info_type>BAS</info_type>
                    <helpinfo><![CDATA[]]></helpinfo>
                    <masseditable>1</masseditable>
                    <picklistvalues>
                        <picklistvalue><![CDATA[Sent]]></picklistvalue>
                        <picklistvalue><![CDATA[Not sent]]></picklistvalue>
                    </picklistvalues>
                </field>
                <field>
                    <fieldname>tw_status</fieldname>
                    <uitype>15</uitype>
                    <columnname>tw_status</columnname>
                    <tablename>vtiger_sp_socialconnector</tablename>
                    <generatedtype>1</generatedtype>
                    <fieldlabel>Twitter</fieldlabel>
                    <readonly>0</readonly>
                    <presence>0</presence>
                    <defaultvalue></defaultvalue>
                    <sequence>8</sequence>
                    <maximumlength>100</maximumlength>
                    <typeofdata>V~O</typeofdata>
                    <quickcreate>1</quickcreate>
                    <quickcreatesequence></quickcreatesequence>
                    <displaytype>1</displaytype>
                    <info_type>BAS</info_type>
                    <helpinfo><![CDATA[]]></helpinfo>
                    <masseditable>1</masseditable>
                    <picklistvalues>
                        <picklistvalue><![CDATA[Sent]]></picklistvalue>
                        <picklistvalue><![CDATA[Not sent]]></picklistvalue>
                    </picklistvalues>
                </field>
                <field>
                    <fieldname>vk_message_id</fieldname>
                    <uitype>2</uitype>
                    <columnname>vk_message_id</columnname>
                    <tablename>vtiger_sp_socialconnector</tablename>
                    <generatedtype>1</generatedtype>
                    <fieldlabel>Vkontakte Message ID</fieldlabel>
                    <readonly>0</readonly>
                    <presence>0</presence>
                    <defaultvalue></defaultvalue>
                    <sequence>7</sequence>
                    <maximumlength>100</maximumlength>
                    <typeofdata>V~O</typeofdata>
                    <quickcreate>1</quickcreate>
                    <quickcreatesequence></quickcreatesequence>
                    <displaytype>3</displaytype>
                    <info_type>BAS</info_type>
                    <helpinfo><![CDATA[]]></helpinfo>
                    <masseditable>1</masseditable>
                </field>
                <field>
                    <fieldname>tw_message_id</fieldname>
                    <uitype>2</uitype>
                    <columnname>tw_message_id</columnname>
                    <tablename>vtiger_sp_socialconnector</tablename>
                    <generatedtype>1</generatedtype>
                    <fieldlabel>Twitter Message ID</fieldlabel>
                    <readonly>0</readonly>
                    <presence>0</presence>
                    <defaultvalue></defaultvalue>
                    <sequence>7</sequence>
                    <maximumlength>100</maximumlength>
                    <typeofdata>V~O</typeofdata>
                    <quickcreate>1</quickcreate>
                    <quickcreatesequence></quickcreatesequence>
                    <displaytype>3</displaytype>
                    <info_type>BAS</info_type>
                    <helpinfo><![CDATA[]]></helpinfo>
                    <masseditable>1</masseditable>
                </field>
            </fields>
        </block>
    </blocks>
    <sharingaccess>
        <default>public_readdelete</default>
    </sharingaccess>
    <relatedlists>
        <relatedlist>
            <function>get_related_list</function>
            <label>Accounts</label>
            <sequence>1</sequence>
            <presence>0</presence>
            <actions>
                <action> </action>
            </actions>
            <relatedmodule>Accounts</relatedmodule>
        </relatedlist>
        <relatedlist>
            <function>get_related_list</function>
            <label>Contacts</label>
            <sequence>2</sequence>
            <presence>0</presence>
            <actions>
                <action> </action>
            </actions>
            <relatedmodule>Contacts</relatedmodule>
        </relatedlist>
        <relatedlist>
            <function>get_related_list</function>
            <label>Leads</label>
            <sequence>3</sequence>
            <presence>0</presence>
            <actions>
                <action> </action>
            </actions>
            <relatedmodule>Leads</relatedmodule>
        </relatedlist>
    </relatedlists>
    <crons>
        <cron>
            <name>Poll WhatsApp Messages</name>
            <handler>cron/modules/SPSocialConnector/WhatsAppPoll.service</handler>
            <frequency>60</frequency>
        </cron>
    </crons>
</module>
