<?xml version='1.0'?>
<module>
<exporttime>2014-01-31 08:39:48</exporttime>
<name>SPUnits</name>
<label>SPUnits</label>
<parent>Inventory</parent>
<version>1.1</version>
<dependencies>
<vtiger_version>6.0.0</vtiger_version>
<vtiger_max_version>6.*</vtiger_max_version>
</dependencies>
<tables>
<table>
<name>sp_units</name>
<sql><![CDATA[CREATE TABLE `sp_units` (
  `unitid` int(19) NOT NULL DEFAULT '0',
  `unit_no` varchar(100) NOT NULL,
  `unitname` varchar(200) NOT NULL,
  `usageunit` varchar(200) DEFAULT NULL,
  `unit_code` varchar(200) DEFAULT NULL,
  PRIMARY KEY (`unitid`)
) ENGINE=InnoDB DEFAULT CHARSET=utf8]]></sql>
</table>
<table>
<name>sp_unitscf</name>
<sql><![CDATA[CREATE TABLE `sp_unitscf` (
  `unitid` int(19) NOT NULL DEFAULT '0',
  PRIMARY KEY (`unitid`)
) ENGINE=InnoDB DEFAULT CHARSET=utf8]]></sql>
</table>
</tables>
<blocks>
<block>
<label>LBL_UNITS_DETAILS</label>
<fields>
<field>
<fieldname>unit_no</fieldname>
<uitype>4</uitype>
<columnname>unit_no</columnname>
<tablename>sp_units</tablename>
<generatedtype>1</generatedtype>
<fieldlabel>Unit No</fieldlabel>
<readonly>1</readonly>
<presence>0</presence>
<defaultvalue></defaultvalue>
<sequence>1</sequence>
<maximumlength>100</maximumlength>
<typeofdata>V~O</typeofdata>
<quickcreate>3</quickcreate>
<quickcreatesequence>0</quickcreatesequence>
<displaytype>1</displaytype>
<info_type>BAS</info_type>
<helpinfo><![CDATA[]]></helpinfo>
<masseditable>0</masseditable>
<entityidentifier>
<entityidfield>unitid</entityidfield>
<entityidcolumn>unitid</entityidcolumn>
</entityidentifier>
</field>
<field>
<fieldname>unitname</fieldname>
<uitype>1</uitype>
<columnname>unitname</columnname>
<tablename>sp_units</tablename>
<generatedtype>1</generatedtype>
<fieldlabel>Unit Name</fieldlabel>
<readonly>1</readonly>
<presence>0</presence>
<defaultvalue></defaultvalue>
<sequence>2</sequence>
<maximumlength>200</maximumlength>
<typeofdata>V~M</typeofdata>
<quickcreate>3</quickcreate>
<quickcreatesequence>0</quickcreatesequence>
<displaytype>1</displaytype>
<info_type>BAS</info_type>
<helpinfo><![CDATA[]]></helpinfo>
<masseditable>1</masseditable>
</field>
<field>
<fieldname>usageunit</fieldname>
<uitype>1</uitype>
<columnname>usageunit</columnname>
<tablename>sp_units</tablename>
<generatedtype>1</generatedtype>
<fieldlabel>Usage Unit</fieldlabel>
<readonly>1</readonly>
<presence>0</presence>
<defaultvalue></defaultvalue>
<sequence>3</sequence>
<maximumlength>200</maximumlength>
<typeofdata>V~M</typeofdata>
<quickcreate>3</quickcreate>
<quickcreatesequence>0</quickcreatesequence>
<displaytype>1</displaytype>
<info_type>BAS</info_type>
<helpinfo><![CDATA[]]></helpinfo>
<masseditable>1</masseditable>
</field>
<field>
<fieldname>unit_code</fieldname>
<uitype>1</uitype>
<columnname>unit_code</columnname>
<tablename>sp_units</tablename>
<generatedtype>1</generatedtype>
<fieldlabel>Unit Code</fieldlabel>
<readonly>1</readonly>
<presence>0</presence>
<defaultvalue></defaultvalue>
<sequence>4</sequence>
<maximumlength>200</maximumlength>
<typeofdata>V~M</typeofdata>
<quickcreate>3</quickcreate>
<quickcreatesequence>0</quickcreatesequence>
<displaytype>1</displaytype>
<info_type>BAS</info_type>
<helpinfo><![CDATA[]]></helpinfo>
<masseditable>1</masseditable>
</field>
<field>
<fieldname>assigned_user_id</fieldname>
<uitype>53</uitype>
<columnname>smownerid</columnname>
<tablename>vtiger_crmentity</tablename>
<generatedtype>1</generatedtype>
<fieldlabel>Assigned To</fieldlabel>
<readonly>1</readonly>
<presence>0</presence>
<defaultvalue></defaultvalue>
<sequence>5</sequence>
<maximumlength>100</maximumlength>
<typeofdata>V~M</typeofdata>
<quickcreate>3</quickcreate>
<quickcreatesequence>0</quickcreatesequence>
<displaytype>1</displaytype>
<info_type>BAS</info_type>
<helpinfo><![CDATA[]]></helpinfo>
<masseditable>1</masseditable>
</field>
<field>
<fieldname>createdtime</fieldname>
<uitype>70</uitype>
<columnname>createdtime</columnname>
<tablename>vtiger_crmentity</tablename>
<generatedtype>1</generatedtype>
<fieldlabel>Created Time</fieldlabel>
<readonly>1</readonly>
<presence>0</presence>
<defaultvalue></defaultvalue>
<sequence>6</sequence>
<maximumlength>100</maximumlength>
<typeofdata>DT~O</typeofdata>
<quickcreate>3</quickcreate>
<quickcreatesequence>0</quickcreatesequence>
<displaytype>2</displaytype>
<info_type>BAS</info_type>
<helpinfo><![CDATA[]]></helpinfo>
<columntype>datetime</columntype>
<masseditable>0</masseditable>
</field>
<field>
<fieldname>modifiedtime</fieldname>
<uitype>70</uitype>
<columnname>modifiedtime</columnname>
<tablename>vtiger_crmentity</tablename>
<generatedtype>1</generatedtype>
<fieldlabel>Modified Time</fieldlabel>
<readonly>1</readonly>
<presence>0</presence>
<defaultvalue></defaultvalue>
<sequence>7</sequence>
<maximumlength>100</maximumlength>
<typeofdata>DT~O</typeofdata>
<quickcreate>3</quickcreate>
<quickcreatesequence>0</quickcreatesequence>
<displaytype>2</displaytype>
<info_type>BAS</info_type>
<helpinfo><![CDATA[]]></helpinfo>
<columntype>datetime</columntype>
<masseditable>0</masseditable>
</field>
<field>
<fieldname>modifiedby</fieldname>
<uitype>52</uitype>
<columnname>modifiedby</columnname>
<tablename>vtiger_crmentity</tablename>
<generatedtype>1</generatedtype>
<fieldlabel>Last Modified By</fieldlabel>
<readonly>1</readonly>
<presence>0</presence>
<defaultvalue></defaultvalue>
<sequence>8</sequence>
<maximumlength>100</maximumlength>
<typeofdata>V~O</typeofdata>
<quickcreate>3</quickcreate>
<quickcreatesequence>0</quickcreatesequence>
<displaytype>3</displaytype>
<info_type>BAS</info_type>
<helpinfo><![CDATA[]]></helpinfo>
<masseditable>0</masseditable>
</field>
</fields>
</block>
</blocks>
<customviews>
<customview>
<viewname>All</viewname>
<setdefault>true</setdefault>
<setmetrics>false</setmetrics>
<fields>
<field>
<fieldname>unit_no</fieldname>
<columnindex>0</columnindex>
</field>
<field>
<fieldname>unitname</fieldname>
<columnindex>1</columnindex>
</field>
<field>
<fieldname>usageunit</fieldname>
<columnindex>2</columnindex>
</field>
<field>
<fieldname>unit_code</fieldname>
<columnindex>3</columnindex>
</field>
<field>
<fieldname>assigned_user_id</fieldname>
<columnindex>4</columnindex>
</field>
</fields>
</customview>
</customviews>
<sharingaccess>
<default>public_readwritedelete</default>
</sharingaccess>
<actions>
<action>
<name><![CDATA[Import]]></name>
<status>enabled</status>
</action>
<action>
<name><![CDATA[Export]]></name>
<status>enabled</status>
</action>
<action>
<name><![CDATA[DuplicatesHandling]]></name>
<status>enabled</status>
</action>
</actions>
<crons>
</crons>
</module>
